,Features,Lasso
0,Critical,0.655690818752
1,Vermin_Garbage,0.149784765656
2,Tabacco,0.00966760819095
3,Signage,0.0741945409145
4,Personal_Hygiene,0.0249465376693
5,Nutrition,0.0803541786203
6,Miscellaneous,-0.0
7,Average_Score,3.29442976587
8,Inspection,-0.213810630302
9,Times_Graded,-0.715595645322
10,Administration,0.0317205210738
11,Facility_Design,-0.0348067457549
12,Facility_Maintenance,-0.617823133937
13,Food_Protection,0.065886400474
14,Food_Source,0.135797709347
15,Food_Temperature,0.0
